{
    "levels":[
        {
            "id":-1,
            "label":"General STEM",
            "colorString":"#2196f3",
            "iconString":"stem.png",
            "video":"",
            "resources":{
                "videos":[
                    {
                        "url":"https://youtu.be/h7v-GG3SEWQ",
                        "name":"Thinking your way out of imposter syndrome"
                    },
                    {
                        "url":"https://youtu.be/FEeTLopLkEo",
                        "name":"Inspiring the next generation of female engineers | Debbie Sterling | TEDxPSU"
                    },
                    {
                        "url":"https://youtu.be/ryBjKRdZJFc",
                        "name":"Science Speaks. Will You Listen? | SciAll.org"
                    },
                    {
                        "url":"https://youtu.be/fH5iLx_jCUk",
                        "name":"STEM - What is it and why it is important?"
                    },
                    {
                        "url":"https://youtu.be/cTalyq-cK78",
                        "name":"What is STEM? (for K to 1)"
                    },
                    {
                        "url":"https://youtu.be/p5-zlJJ0BOY",
                        "name":"5 Ground-breaking Women in Engineering"
                    }
                ],
                "sites":[
                    {
                        "url":"https://womeninstem.org.au/futureyou/",
                        "name":"Women in STEM"
                    },
                    {
                        "url":"https://futureyouaustralia.com/",
                        "name":"Future You Educational STEM Website"
                    },
                    {
                        "url":"https://www.science.org.au/files/userfiles/support/reports-and-plans/2019/gender-diversity-stem/women-in-STEM-decadal-plan-final.pdf",
                        "name":"Women in STEM - Decadal Plan"
                    }
                ]
            },
            "activities":[
            ],
            "point":{
                "x":0.8776,
                "y":0.698
            }
        },
        {
            "id":0,
            "label":"Aerospace",
            "colorString":"#5534a5",
            "iconString":"aerospace.png",
            "video":"9wExlFbQBbo",
            "resources":{
                "videos":[
                    {
                        "url":"https://www.youtube.com/watch?v=JhvbbXfRKMY",
                        "name":"Test engineering w/ Taylah Griffin"
                    },
                    {
                        "url":"https://www.youtube.com/watch?v=UvtYn2j78gw",
                        "name":"Aerospace Eng. from crash course"
                    },
                    {
                        "url":"https://www.youtube.com/watch?v=ZFEzMKYjShc",
                        "name":"Basics of aerodynamics"
                    },
                    {
                        "url":"https://www.youtube.com/watch?v=YR9G7wgNLWE",
                        "name":"Women in aerospace"
                    },
                    {
                        "url":"https://www.youtube.com/watch?v=jODAnjtAPbI",
                        "name":"Astronautical engineering"
                    },
                    {
                        "url":"https://www.youtube.com/watch?v=c5nbp0ahEdU",
                        "name":"Perdue Uni astronautics/aeronautics"
                    },
                    {
                        "url":"https://www.youtube.com/watch?v=mUyOGus_cnI",
                        "name":"Diana Trujilo, aerospace engineer"
                    },
                    {
                        "url":"https://www.youtube.com/watch?v=zNGaUUbzjlw",
                        "name":"Michelle Lynde, NASA engineer"
                    }
                ],
                "sites":[]
            },
            "activities":[
                "aerospace-01-Making_a_Straw_Plane.pdf",
                "aerospace-02-Tornado_in_a_bottle.pdf",
                "aerospace-03-Make_a_bottle_rocket.pdf"
            ],
            "point":{
                "x":0.798,
                "y":0.253
            }
                
        },
        {
            "id":1,
            "label":"Biomedical",
            "colorString":"#9a86a4",
            "iconString":"biomedical.png",
            "video":"VTD4MMAS7x0",
            "resources":{
                "videos":[
                    {
                        "url":"https://youtu.be/QlnZpv713V4",
                        "name":"So You Want to Become a Biomedical Engineer"
                    },
                    {
                        "url":"https://youtu.be/3Y4bIX8voYE",
                        "name":"What is biomedical engineering?"
                    },
                    {
                        "url":"https://www.youtube.com/watch?v=i1TkiN309_4",
                        "name":"Example of biomed product – second thumb"
                    },
                    {
                        "url":"https://www.youtube.com/watch?v=KQm-gfobUm8",
                        "name":"What is Biomedical Engineering?"
                    }
                ],
                "sites":[]
            },
            "activities":[
                "biomedical-01-Make_a_prosthetic_leg.pdf",
                "biomedical-02-Clear_your_own_path_to_the_heart.pdf",
                "biomedical-03-Make_a_Repsiratory_System.pdf"
            ],
            "point":{
                "x":0.579,
                "y":0.68
            }
        },
        {
            "id": 2,
            "label":"Mechanical",
            "colorString":"#b23c27",
            "iconString":"mechanical.png",
            "video":"CpMnR7-uK74",
            "resources": {
                "videos":[
                    {
                        "url":"https://www.youtube.com/watch?v=A1V-QQ5wFU4",
                        "name":"Mechanical Engineering: Crash Course"
                    },
                    {
                        "url":"https://youtu.be/dGPP5rHn8ko",
                        "name":"Neena Gandhi: Mechanical Engineer"
                    },
                    {
                        "url":"https://www.youtube.com/watch?v=qLHItgLHx9g",
                        "name":"Jet engine Mechanical Engineering"
                    },
                    {
                        "url":"https://www.youtube.com/watch?v=qLHItgLHx9g",
                        "name":"Mechanical Engineer"
                    },
                    {
                        "url":"https://youtu.be/A6XWZTp6iMg",
                        "name":"Simple Machines"
                    }
                ],
                "sites":[
                    {
                        "url":"https://www.education.vic.gov.au/school/teachers/teachingresources/discipline/science/continuum/Pages/simpmachines.aspx",
                        "name":"Simple Machines"
                    },
                    {
                        "url":"https://www.teachengineering.org/activities/view/cub_simple_lesson03_activity1",
                        "name":"Wheeling it in!"
                    },
                    {
                        "url":"https://www.sciencebuddies.org/stem-activities/subjects/mechanical-engineering",
                        "name":"Mechanical Engineering STEM Activities"
                    }
                    
                ]
            },
            "activities":[
                "mechanical-01-Build_a_rubber_band_powered_car.pdf",
                "mechanical-02-Build_a_roller_coaster.pdf",
                "mechanical-03-Build_a_catapult_trebuchet.pdf"
            ],
            "point":{
                "x":0.352,
                "y":0.68
            }
        },
        {
            "id":3,
            "label":"Materials",
            "colorString":"#019267",
            "iconString":"materials.png",
            "video":"KT7y4o2fMwg",
            "resources": {
                "videos":[
                    {
                        "url":"https://www.youtube.com/watch?v=x5OD2KZXd54",
                        "name":"What is Materials Engineering"
                    },
                    {
                        "url":"https://www.youtube.com/watch?v=2hYqmPJGYl4",
                        "name":"Veena Sahajwalla Introduction video"
                    },
                    {
                        "url":"https://www.youtube.com/watch?v=61wd30JO7fk",
                        "name":"What does a career in materials engineering look like?"
                    },
                    {
                        "url":"https://www.youtube.com/watch?v=WdAHNcc733g",
                        "name":"World's first integrated circuit"
                    },
                    {
                        "url":"https://www.youtube.com/watch?v=x5OD2KZXd54",
                        "name":"What is Materials Engineering? Zach Star"
                    },
                    {
                        "url":"https://www.youtube.com/watch?v=R8EV8R8f5Tw",
                        "name":"Introduction to materials"
                    },
                    {
                        "url":"https://www.youtube.com/watch?v=az6oYcd-SfU",
                        "name":"9 futuristic materials (scishow)"
                    },
                    {
                        "url":"https://www.youtube.com/watch?v=yn9qhQSMCRk",
                        "name":"How aluminium changed the world"
                    }
                ],
                "sites":[]
            },
            "activities":[
                "materials-01-Egg_Drop_Competition.pdf",
                "materials-02-Turning_Milk_into_Plastic.pdf",
                "materials-03-Kinetic_Magic_Sand.pdf",
                "materials-04-What_is_the_best_material_to_build_a_paper_airplane_from.pdf"
            ],
            "point":{
                "x":0.685,
                "y":0.465
            }
        },
        {
            "id":4,
            "label":"Structural",
            "colorString":"#df7b13",
            "iconString":"structural.png",
            "video":"r2gR3Z-7EP0",
            "resources": {
                "videos":[
                    {
                        "url":"https://youtu.be/zZMewwaOZQk",
                        "name":"Amaia Harries, one of our female engineers at BRE"
                    },
                    {
                        "url":"https://youtu.be/t8nvuASMdhU",
                        "name":"Career Spotlight: Civil Engineer"
                    },
                    {
                        "url":"https://www.youtube.com/watch?v=Qu2pK0gOPuw",
                        "name":"Differences between an architect and a civil engineer"
                    }
                ],
                "sites":[]
            },
            "activities":[
                "structural-01-Marble_Run.pdf",
                "structural-02-Ice-cream_stick_bridge.pdf",
                "structural-03-Block_house_building.pdf",
                "structural-04-Toothpick_Towers.pdf"
            ],     
            "point":{
                "x":0.232,
                "y":0.465
            }
        },
        {
            "id":5,
            "label":"Power Systems",
            "colorString":"#ef4784",
            "iconString":"power.png",
            "video":"4xFK-04UgMo",
            "resources":{
                "videos":[
                    {
                        "url":"https://www.youtube.com/watch?v=GDGYGjPg_9Y",
                        "name":"Wind turbine build timelapse"
                    },
                    {
                        "url":"https://www.youtube.com/watch?v=v6uRuNboy4A",
                        "name":"Clean energy by Crash Course"
                    },
                    {
                        "url":"https://www.youtube.com/watch?v=1kUE0BZtTRc",
                        "name":"Renewable energy 101"
                    },
                    {
                        "url":"https://www.youtube.com/watch?v=xy9nj94xvKA",
                        "name":"How do windmills work (Ted Ed)"
                    },
                    {
                        "url":"https://www.youtube.com/watch?v=xKxrkht7CpY",
                        "name":"How do solar panels work (Ted Ed)"
                    },
                    {
                        "url":"https://youtu.be/qCm0f3tvsMs",
                        "name":"Why wouldn't you put your wind farm in the windiest place? (Scishow)"
                    },
                    {
                        "url":"https://www.youtube.com/watch?v=1pm_2_pvniY",
                        "name":"Neoen - What does a big battery do?"
                    },
                    {
                        "url":"https://www.youtube.com/watch?v=9ssHUunEWyM",
                        "name":"Neoen - Australia, Victorian Big Battery"
                    }
                ],
                "sites":[
                    {
                        "url":"https://www.neoenlearning.com/",
                        "name":"The Learning Hub. Electricity, renewable and non-renewable energy sources mapped to the Australian Curriculum."
                    },
                    {
                        "url":"https://www.nrdc.org/stories/renewable-energy-clean-facts",
                        "name":"Renewable Energy Clean Facts"
                    }
                ]
            },
            "activities": [
                "power-01-Balloon_Static_Electricity.pdf",
                "power-02-Build_a_mini_turbine.pdf",
                "power-03-Power_systems_&_Electricity_word_search.pdf"
            ],
            "point":{
                "x":0.572,
                "y":0.253
            }
        },
        {
            "id":6,
            "label":"Agricultural",
            "colorString":"#e6c51d",
            "iconString":"agricultural.png",
            "video":"MeUvWgWfpJs",
            "resources":{
                "videos":[
                    {
                        "url":"https://www.youtube.com/watch?v=J7s3lBNr6VI",
                        "name":"What is agricultural engineering?"
                    },
                    {
                        "url":"https://www.youtube.com/watch?v=u8R3Al3fgNE",
                        "name":"Farmers are key to a better future, Anika Molesworth"
                    },
                    {
                        "url":"https://www.youtube.com/watch?v=lJWrsW1KpZUc",
                        "name":"Future of food, science show"
                    },
                    {
                        "url":"https://www.youtube.com/watch?v=6vQW8Tl_KLc",
                        "name":"Regenerative agriculture"
                    },
                    {
                        "url":"https://www.youtube.com/watch?v=57HBTpEn7KQ",
                        "name":"Home hydroponic farm"
                    },
                    {
                        "url":"https://www.youtube.com/watch?v=J4SaSfnHK3I",
                        "name":"Vertical farming"
                    },
                    {
                        "url":"https://www.youtube.com/watch?v=lgZBlD-TCFE",
                        "name":"Solar panels + crops"
                    }
                ],
                "sites":[]
            },
            "activities":[
                "agricultural-01-Plant_cycles.pdf",
                "agricultural-02-Creating_a_Water_catchment.pdf",
                "agricultural-03-Creating_a_Biodome.pdf"
            ],
            "point":{
                "x":0.119,
                "y":0.2525
            }
        },
        {
            "id":7,
            "label":"Manufacturing",
            "colorString":"#8f4ccb",
            "iconString":"manufacturing.png",
            "video":"ymhVLKOdmg",
            "resources":{
                "videos":[
                    {
                        "url":"https://www.youtube.com/watch?v=lmiRjmbnn8Q",
                        "name":"How are crayons made?"
                    },
                    {
                        "url":"https://www.youtube.com/watch?v=RMjtmsr3CqA",
                        "name":"Plastic injection moulding"
                    },
                    {
                        "url":"https://www.youtube.com/watch?v=Vx0Z6LplaMU",
                        "name":"3D printing overview"
                    },
                    {
                        "url":"https://youtu.be/XWJ-sE08ASg",
                        "name":"3D printing mars habitats"
                    },
                    {
                        "url":"https://www.youtube.com/watch?v=fiEXo71qQOw",
                        "name":"Manufacturing and other robot arms"
                    },
                    {
                        "url":"https://www.youtube.com/watch?v=9Cb11pM-XrI",
                        "name":"Collaborative robots"
                    },
                    {
                        "url":"https://youtu.be/hPcnvp8LasA",
                        "name":"How Are Pens Made?"
                    },
                    {
                        "url":"https://www.youtube.com/watch?v=Sdd16nkhnPQ",
                        "name":"Lydia Gentle: EngExec allows you to be at the forefront of your profession"
                    }
                ],
                "sites":[]
            },
            "activities":[
                "manufacturing-01-Assembly_Line_vs_Independent_workers.pdf",
                "manufacturing-02-Building_a_rubber_band_car.pdf",
                "manufacturing-03-Rubber_band_powered_paddle_boat.pdf"
            ],
            "point":{
                "x":0.459,
                "y":0.465
            }
        },
        {
            "id":8,
            "label":"Environmental",
            "colorString":"#006e7f",
            "iconString":"environmental.png",
            "video":"unl2pwiTgpM",
            "resources":{
                "videos":[
                    {
                        "url":"https://www.youtube.com/watch?v=8BsfRTFtpWs",
                        "name":"Monash overview of Environmental Engineering degree"
                    },
                    {
                        "url":"https://www.youtube.com/watch?v=k2epvAUEdCI",
                        "name":"What does an environmental engineer do + EWB projects"
                    },
                    {
                        "url":"https://www.youtube.com/watch?v=DTbBSdr8JKk",
                        "name":"Engineers Without Borders overview"
                    },
                    {
                        "url":"https://www.youtube.com/watch?v=al-do-HGuIk",
                        "name":"Water cycle overview"
                    },
                    {
                        "url":"https://www.youtube.com/watch?v=znVOR4JAvYg",
                        "name":"Ursula Salmon, Environmental Eng. TEDx talk"
                    },
                    {
                        "url":"https://www.youtube.com/watch?v=pxEvu75SPdE",
                        "name":"Environmental Eng. overview (studies)"
                    },
                    {
                        "url":"https://www.youtube.com/watch?v=WyZw4ni1DE0",
                        "name":"Environmental Eng. (occupation)"
                    }
                ],
                "sites":[
                    {
                        "url":"https://www.abc.net.au/education/collections/war-on-waste-from-waste-to-resource/",
                        "name":"War on waste from waste to resource"
                    },
                    {
                        "url":"https://www.abc.net.au/education/fight-for-planet-a-ch-3-fossil-fuels-vs-renewable-energy/13500078",
                        "name":"Fossil fuels vs renewable energy"
                    },
                    {
                        "url":"https://www.abc.net.au/education/fight-for-planet-a-ch-4-how-transport-affects-our-carbon-footpri/13500092",
                        "name":"How transport affects our carbon footprint"
                    },
                    {
                        "url":"https://www.teachstarter.com/au/blog/15-sustainability-activities-and-ideas-for-the-classroom/",
                        "name":"Sustainability activities for the classroom"
                    },
                    {
                        "url":"https://www.sustainableschoolsnsw.org.au/teach",
                        "name":"Sustainability resources"
                    },
                    {
                        "url":"https://www.nationalgeographic.org/encyclopedia/hydrology/",
                        "name":"Hydrology"
                    }
                ]
            },
            "activities":[
                "environmental-01-What_is_my_Carbon_Footprint.pdf",
                "environmental-02-Renewable_Power.pdf",
                "environmental-03-Design_a_Solar_House.pdf"
            ],
            "point":{
                "x":0.346,
                "y":0.253
            }
        },
        {
            "id":9,
            "label":"Electrical/Computer",
            "colorString":"#0bbfaa",
            "iconString":"computer.png",
            "video":"IgB_BJ_GGSs",
            "resources":{
                "videos":[
                    {
                        "url":"https://www.youtube.com/watch?v=lLIagEEkjtg",
                        "name":"University of Michigan overview of ECE degree"
                    },
                    {
                        "url":"https://www.youtube.com/watch?v=R3hdaLpq2AA",
                        "name":"Simple circuits"
                    },
                    {
                        "url":"https://www.youtube.com/watch?v=3nB1Ntku06w",
                        "name":"Electrical engineering with crash course"
                    },
                    {
                        "url":"https://www.youtube.com/watch?v=AkFi90lZmXA",
                        "name":"What are computers? Ted-ed"
                    },
                    {
                        "url":"https://www.youtube.com/watch?v=eHDBqAJoaHs",
                        "name":"Jorgette Grosso, systems engineer"
                    },
                    {
                        "url":"https://www.youtube.com/watch?v=fTZtXlHTsDc",
                        "name":"Mechatronics Eng. overview"
                    },
                    {
                        "url":"https://www.youtube.com/watch?v=hqlN1L4BG6I",
                        "name":"Electrical Eng. overview"
                    }
                ],
                "sites":[
                    {
                        "url":"https://brilliant.org/wiki/simple-circuits/",
                        "name":"Simple Circuits - Brilliant"
                    },
                    {
                        "url":"https://www.khanacademy.org/computing/computers-and-internet/xcae6f4a7ff015e7d:computers/xcae6f4a7ff015e7d:logic-gates-and-circuits/a/logic-gates",
                        "name":"Logic Gates and Circuits"
                    },
                    {
                        "url":"https://statecharts.dev/what-is-a-state-machine.html",
                        "name":"What is a state machine?"
                    },
                    {
                        "url":"http://www.physics-chemistry-interactive-flash-animation.com/electricity_interactive.htm",
                        "name":"Interactive electricity animation"
                    }
                ]
            },
            "activities":[
                "computer-01-Simple_Circuits.pdf",
                "computer-02-Electrical_Liquids.pdf",
                "computer-03-Build_a_cup_speaker.pdf"
            ],"point":{
                "x":0.122,
                "y":0.68
            }
        }
    ]
}